-- --------------------------------------------------------
-- Hôte:                         127.0.0.1
-- Version du serveur:           10.1.12-MariaDB - mariadb.org binary distribution
-- Serveur OS:                   Win64
-- HeidiSQL Version:             9.1.0.4867
-- --------------------------------------------------------

/*!40101 SET @OLD_CHARACTER_SET_CLIENT=@@CHARACTER_SET_CLIENT */;
/*!40101 SET NAMES utf8mb4 */;
/*!40014 SET @OLD_FOREIGN_KEY_CHECKS=@@FOREIGN_KEY_CHECKS, FOREIGN_KEY_CHECKS=0 */;
/*!40101 SET @OLD_SQL_MODE=@@SQL_MODE, SQL_MODE='NO_AUTO_VALUE_ON_ZERO' */;
-- Export de données de la table rpg.bag: ~10 rows (environ)
DELETE FROM `bag`;
/*!40000 ALTER TABLE `bag` DISABLE KEYS */;
INSERT INTO `bag` (`class`, `slot1`, `numberstack1`, `slot2`, `numberstack2`, `slot3`, `numberstack3`, `slot4`, `numberstack4`, `slot5`, `numberstack5`, `slot6`, `numberstack6`, `slot7`, `numberstack7`, `slot8`, `numberstack8`, `slot9`, `numberstack9`, `slot10`, `numberstack10`, `slot11`, `numberstack11`, `slot12`, `numberstack12`, `slot13`, `numberstack13`, `slot14`, `numberstack14`, `slot15`, `numberstack15`, `slot16`, `numberstack16`, `slot17`, `numberstack17`, `slot18`, `numberstack18`, `slot19`, `numberstack19`, `slot20`, `numberstack20`, `slot21`, `numberstack21`, `slot22`, `numberstack22`, `slot23`, `numberstack23`, `slot24`, `numberstack24`, `slot25`, `numberstack25`, `slot26`, `numberstack26`, `slot27`, `numberstack27`, `slot28`, `numberstack28`, `slot29`, `numberstack29`, `slot30`, `numberstack30`, `slot31`, `numberstack31`, `slot32`, `numberstack32`) VALUES
	('DeathKnight', 2001, 0, 2001, 0, 2001, 0, 6001, 0, 0, 0, 1001, 0, 10001, 0, 2001, 0, 0, 0, 0, 0, 0, 0, 6001, 0, 0, 0, 0, 0, 0, 0, 0, 0, 0, 0, 0, 0, 0, 0, 0, 0, 0, 0, 0, 0, 0, 0, 0, 0, 0, 0, 0, 0, 0, 0, 0, 0, 0, 0, 0, 0, 0, 0, 0, 0),
	('Guerrier', 14001, 0, 14001, 0, 14001, 0, 6001, 0, 1, 50, 1, 5000, 1, 5, 14001, 0, 6001, 0, 8001, 0, 10001, 0, 5001, 0, 9001, 0, 2001, 0, 9001, 0, 0, 0, 0, 0, 14001, 0, 14001, 0, 14001, 0, 14002, 0, 14001, 0, 14002, 0, 14002, 0, 2001, 0, 14002, 0, 14002, 0, 14002, 0, 14002, 0, 0, 0, 14002, 0, 14002, 0),
	('Hunter', 0, 0, 0, 0, 0, 0, 0, 0, 0, 0, 0, 0, 0, 0, 1501, 0, 16001, 0, 0, 0, 0, 0, 0, 0, 0, 0, 0, 0, 0, 0, 0, 0, 0, 0, 0, 0, 0, 0, 0, 0, 0, 0, 0, 0, 0, 0, 0, 0, 0, 0, 0, 0, 0, 0, 0, 0, 0, 0, 0, 0, 0, 0, 0, 0),
	('Mage', 0, 0, 0, 0, 0, 0, 0, 0, 0, 0, 0, 0, 0, 0, 0, 0, 0, 0, 0, 0, 0, 0, 0, 0, 0, 0, 0, 0, 0, 0, 0, 0, 0, 0, 0, 0, 0, 0, 0, 0, 0, 0, 0, 0, 0, 0, 0, 0, 0, 0, 0, 0, 0, 0, 0, 0, 0, 0, 0, 0, 0, 0, 0, 0),
	('Monk', 0, 0, 0, 0, 0, 0, 0, 0, 0, 0, 0, 0, 0, 0, 0, 0, 0, 0, 0, 0, 0, 0, 0, 0, 0, 0, 0, 0, 0, 0, 0, 0, 0, 0, 0, 0, 0, 0, 0, 0, 0, 0, 0, 0, 0, 0, 0, 0, 0, 0, 0, 0, 0, 0, 0, 0, 0, 0, 0, 0, 0, 0, 0, 0),
	('Paladin', 0, 0, 0, 0, 0, 0, 0, 0, 0, 0, 0, 0, 0, 0, 0, 0, 0, 0, 0, 0, 0, 0, 0, 0, 0, 0, 0, 0, 0, 0, 0, 0, 0, 0, 0, 0, 0, 0, 0, 0, 0, 0, 0, 0, 0, 0, 0, 0, 0, 0, 0, 0, 0, 0, 0, 0, 0, 0, 0, 0, 0, 0, 0, 0),
	('Priest', 0, 0, 0, 0, 0, 0, 0, 0, 0, 0, 0, 0, 0, 0, 0, 0, 0, 0, 0, 0, 0, 0, 0, 0, 0, 0, 0, 0, 0, 0, 0, 0, 0, 0, 0, 0, 0, 0, 0, 0, 0, 0, 0, 0, 0, 0, 0, 0, 0, 0, 0, 0, 0, 0, 0, 0, 0, 0, 0, 0, 0, 0, 0, 0),
	('Rogue', 0, 0, 0, 0, 0, 0, 0, 0, 0, 0, 0, 0, 0, 0, 0, 0, 0, 0, 0, 0, 0, 0, 0, 0, 0, 0, 0, 0, 0, 0, 0, 0, 0, 0, 0, 0, 0, 0, 0, 0, 0, 0, 0, 0, 0, 0, 0, 0, 0, 0, 0, 0, 0, 0, 0, 0, 0, 0, 0, 0, 0, 0, 0, 0),
	('Shaman', 2001, 0, 2001, 0, 2001, 0, 6001, 0, 0, 0, 1001, 0, 10001, 0, 2001, 0, 2001, 0, 0, 0, 5001, 0, 6001, 0, 0, 0, 0, 0, 0, 0, 0, 0, 0, 0, 0, 0, 0, 0, 0, 0, 0, 0, 0, 0, 0, 0, 0, 0, 0, 0, 0, 0, 0, 0, 0, 0, 0, 0, 0, 0, 0, 0, 0, 0),
	('Warlock', 0, 0, 0, 0, 0, 0, 0, 0, 0, 0, 0, 0, 0, 0, 0, 0, 0, 0, 0, 0, 0, 0, 0, 0, 0, 0, 0, 0, 0, 0, 0, 0, 0, 0, 0, 0, 0, 0, 0, 0, 0, 0, 0, 0, 0, 0, 0, 0, 0, 0, 0, 0, 0, 0, 0, 0, 0, 0, 0, 0, 0, 0, 0, 0);
/*!40000 ALTER TABLE `bag` ENABLE KEYS */;

-- Export de données de la table rpg.character_stuff: ~9 rows (environ)
DELETE FROM `character_stuff`;
/*!40000 ALTER TABLE `character_stuff` DISABLE KEYS */;
INSERT INTO `character_stuff` (`class`, `head`, `necklace`, `shoulders`, `back`, `chest`, `useless`, `useless2`, `wrists`, `gloves`, `belt`, `leggings`, `boots`, `ring`, `ring2`, `trinket`, `trinket2`, `mainhand`, `offhand`, `ranged`) VALUES
	('deathknight', 0, 2001, 0, 0, 0, 0, 0, 0, 0, 0, 0, 0, 0, 0, 0, 0, 0, 0, 0),
	('Guerrier', 1001, 2001, 3001, 4001, 5001, 0, 0, 6001, 7001, 8001, 9001, 10001, 0, 0, 14001, 0, 15001, 16001, 0),
	('hunt', 0, 0, 0, 0, 0, 0, 0, 0, 0, 0, 0, 0, 0, 0, 0, 0, 0, 0, 0),
	('mage', 0, 0, 0, 0, 4001, 0, 0, 0, 0, 6001, 0, 0, 0, 0, 0, 0, 0, 0, 0),
	('monk', 0, 0, 0, 0, 0, 0, 0, 0, 0, 0, 0, 0, 0, 0, 0, 0, 0, 0, 0),
	('paladin', 0, 0, 0, 0, 0, 0, 0, 0, 0, 0, 0, 0, 0, 0, 0, 0, 0, 0, 0),
	('priest', 0, 0, 0, 0, 0, 0, 0, 0, 0, 0, 0, 0, 0, 0, 0, 0, 0, 0, 0),
	('rogue', 0, 0, 0, 0, 0, 0, 0, 0, 0, 0, 0, 0, 0, 0, 0, 0, 0, 0, 0),
	('shaman', 0, 0, 0, 0, 0, 0, 0, 0, 0, 0, 0, 0, 0, 0, 0, 0, 0, 0, 0);
/*!40000 ALTER TABLE `character_stuff` ENABLE KEYS */;

-- Export de données de la table rpg.config: ~1 rows (environ)
DELETE FROM `config`;
/*!40000 ALTER TABLE `config` DISABLE KEYS */;
INSERT INTO `config` (`key`, `value`) VALUES
	('background', 'illidan_bg');
/*!40000 ALTER TABLE `config` ENABLE KEYS */;

-- Export de données de la table rpg.potion: ~1 rows (environ)
DELETE FROM `potion`;
/*!40000 ALTER TABLE `potion` DISABLE KEYS */;
INSERT INTO `potion` (`id`, `sprite_id`, `name`, `heal`, `mana`, `sellprice`) VALUES
	(1, 'inv_potion_131', 'Super Healing Potion', 2000, 0, 0);
/*!40000 ALTER TABLE `potion` ENABLE KEYS */;

-- Export de données de la table rpg.shop: ~16 rows (environ)
DELETE FROM `shop`;
/*!40000 ALTER TABLE `shop` DISABLE KEYS */;
INSERT INTO `shop` (`id`, `class`, `price`) VALUES
	(1001, 2, 1),
	(2001, 1023, 400000),
	(3001, 2, 600000),
	(4001, 1023, 600000),
	(5001, 2, 600000),
	(6001, 2, 600000),
	(7001, 2, 600000),
	(8001, 2, 600000),
	(9001, 2, 600000),
	(10001, 2, 600000),
	(13001, 1023, 1000000),
	(13002, 1023, 1000000),
	(14001, 131, 1),
	(14002, 131, 3),
	(15001, 131, 3000000),
	(16001, 131, 3000000);
/*!40000 ALTER TABLE `shop` ENABLE KEYS */;

-- Export de données de la table rpg.spell: ~32 rows (environ)
DELETE FROM `spell`;
/*!40000 ALTER TABLE `spell` DISABLE KEYS */;
INSERT INTO `spell` (`id`, `sprite_id`, `name`, `type`, `basedamage`, `manacost`, `baseheal`, `basecd`, `cd`) VALUES
	(1, 'spell_shadow_deathcoil', 'Death Coil', 'DAMAGE', 1500, 800, 0, 2, 0),
	(2, 'spell_deathknight_butcher2', 'Death Strike', 'DAMAGE', 2500, 1200, 0, 3, 0),
	(3, 'spell_deathknight_empowerruneblade', 'Plague Strike', 'DAMAGE', 2500, 1200, 0, 3, 0),
	(101, 'ability_warrior_charge', 'Charge', 'DAMAGE', 1000, 500, 0, 2, 0),
	(102, 'ability_rogue_ambush', 'Heroic Strike', 'DAMAGE', 2000, 1000, 0, 3, 0),
	(103, 'ability_warrior_savageblow', 'Mortal Strike', 'DAMAGE', 4000, 1500, 0, 4, 0),
	(104, 'ability_gouge', 'Rend', 'DAMAGE', 1000, 500, 0, 2, 0),
	(105, 'ability_thunderclap', 'ThunderClap', 'DAMAGE', 1000, 500, 0, 2, 0),
	(201, 'ability_impalingbolt', 'Arcane Shot', 'DAMAGE', 2500, 1200, 0, 3, 0),
	(202, 'ability_upgrademoonglaive', 'Multishot', 'DAMAGE', 2500, 1500, 0, 3, 0),
	(203, 'ability_hunter_steadyshot', 'Steady Shot', 'DAMAGE', 1500, 700, 0, 2, 0),
	(301, 'spell_fire_firebolt02', 'Fireball', 'DAMAGE', 2500, 1200, 0, 3, 0),
	(302, 'spell_fire_selfdestruct', 'Flame Strike', 'DAMAGE', 1500, 700, 0, 2, 0),
	(303, 'spell_fire_fireball02', 'Pyroblast', 'DAMAGE', 3500, 2000, 0, 4, 0),
	(401, 'ability_monk_tigerpalm', 'Tiger Palm', 'DAMAGE', 1500, 700, 0, 2, 0),
	(402, 'ability_ghoulfrenzy', 'Tiger Strike', 'DAMAGE', 1500, 700, 0, 2, 0),
	(403, 'spell_shadow_unsummonbuilding', 'Touch Of Death', 'DAMAGE', 6000, 3000, 0, 5, 0),
	(501, 'spell_holy_holysmite', 'Cursader Strike', 'DAMAGE', 2500, 1000, 0, 3, 0),
	(502, 'spell_holy_righteousfury', 'Judgment', 'DAMAGE', 1500, 800, 0, 2, 0),
	(503, 'spell_holy_layonhands', 'Lay On Hands', 'HEAL', 0, 3000, 15000, 6, 0),
	(601, 'spell_holy_flashheal', 'Flash Heal', 'HEAL', 0, 2000, 6000, 3, 0),
	(602, 'spell_holy_holynova', 'Holy Nova', 'DAMAGE', 1500, 500, 0, 2, 0),
	(603, 'spell_holy_penance', 'Penance', 'DAMAGE', 1500, 700, 0, 2, 0),
	(701, 'ability_rogue_ambush', 'Ambush', 'DAMAGE', 5000, 2000, 0, 4, 0),
	(702, 'ability_rogue_eviscerate', 'Eviscerate', 'DAMAGE', 2500, 1200, 0, 3, 0),
	(703, 'spell_shadow_ritualofsacrifice', 'Sinister Strike', 'DAMAGE', 1500, 700, 0, 2, 0),
	(801, 'spell_nature_chainlightning', 'Chain Lightning', 'DAMAGE', 2500, 1200, 0, 3, 0),
	(802, 'spell_nature_healingway', 'Healing Surge', 'HEAL', 0, 2000, 6000, 3, 0),
	(803, 'spell_nature_lightning', 'Lightning Bolt', 'DAMAGE', 1500, 800, 0, 2, 0),
	(901, 'spell_shadow_abominationexplosion', 'Corruption', 'DAMAGE', 1500, 800, 0, 2, 0),
	(902, 'spell_fire_immolation', 'Immolation', 'DAMAGE', 2500, 1000, 0, 3, 0),
	(903, 'spell_shadow_shadowbolt', 'Shadow Bolt', 'DAMAGE', 3500, 2000, 0, 4, 0);
/*!40000 ALTER TABLE `spell` ENABLE KEYS */;

-- Export de données de la table rpg.stats: ~10 rows (environ)
DELETE FROM `stats`;
/*!40000 ALTER TABLE `stats` DISABLE KEYS */;
INSERT INTO `stats` (`class`, `exp`, `gold`) VALUES
	('DeathKnight', 1, 0),
	('Guerrier', 668200, 9337644),
	('Hunter', 500, 0),
	('Mage', 5000, 0),
	('Monk', 1000, 0),
	('Paladin', 50000, 0),
	('Priest', 103200, 0),
	('Rogue', 103200, 0),
	('Shaman', 99, 0),
	('Warlock', 99999, 0);
/*!40000 ALTER TABLE `stats` ENABLE KEYS */;

-- Export de données de la table rpg.stuff: ~41 rows (environ)
DELETE FROM `stuff`;
/*!40000 ALTER TABLE `stuff` DISABLE KEYS */;
INSERT INTO `stuff` (`id`, `type`, `name`, `class`, `sprite_id`, `armor`, `stamina`, `mana`, `critical`, `strength`, `sellprice`) VALUES
	(1001, 'HEAD', 'Onslaught Greathelm', 2, 'inv_helmet_98', 150, 1000, 300, 15, 300, 50000),
	(1201, 'HEAD', 'Groonstalker\'s Helmet', 4, 'inv_helmet_95', 150, 1000, 300, 15, 300, 50000),
	(1301, 'HEAD', 'Cowl of the Tempest', 8, 'inv_helmet_101', 150, 1000, 300, 15, 300, 50000),
	(1501, 'HEAD', 'Lightbringer Faceguard', 32, 'inv_helmet_96', 150, 1000, 300, 15, 300, 50000),
	(2001, 'NECKLACE', 'Sin\'dorei Pendant of Conquest', 1023, 'inv_jewelry_necklace_36', 50, 200, 100, 5, 100, 20000),
	(3001, 'SHOULDERS', 'Onslaught Shoulderuards', 2, 'inv_shoulder_62', 100, 500, 150, 10, 150, 30000),
	(3201, 'SHOULDERS', 'Gronnstalker\'s Spaulders', 4, 'inv_shoulder_59', 100, 500, 150, 10, 150, 30000),
	(3301, 'SHOULDERS', 'Mantle of the Tempest', 8, 'inv_shoulder_64', 150, 0, 0, 20, 2000, 300000),
	(3501, 'SHOULDERS', 'Lightbringer Shoulderguards', 32, 'inv_shoulder_60', 100, 500, 150, 10, 150, 30000),
	(4001, 'BACK', 'Crimson Paragon\'s Cover', 1023, 'inv_misc_cape_18', 150, 0, 0, 20, 2000, 300000),
	(5001, 'CHEST', 'Onslaught Chestguard', 2, 'inv_chest_plate_23', 150, 1000, 300, 15, 300, 50000),
	(5201, 'CHEST', 'Gronnstalker\'s Chestguard', 4, 'inv_chest_mail_03', 150, 1000, 300, 15, 300, 50000),
	(5301, 'CHEST', 'Robes of the Tempest', 8, 'inv_chest_cloth_67', 150, 1000, 300, 15, 300, 50000),
	(5501, 'CHEST', 'Lightbringer Chestguard', 32, 'inv_chest_plate_22', 150, 1000, 300, 15, 300, 50000),
	(6001, 'WRISTS', 'Onslaught Wristguard', 2, 'inv_bracer_17', 150, 0, 0, 20, 2000, 300000),
	(6201, 'WRISTS', 'Gronnstalker\'s Bracers', 4, 'inv_bracer_02', 150, 0, 0, 20, 2000, 300000),
	(6301, 'WRISTS', 'Bracers of the Tempest', 8, 'inv_bracer_12', 150, 0, 0, 20, 2000, 300000),
	(6501, 'WRISTS', 'The Seeker\'s Wristguards', 32, 'inv_bracer_17', 150, 0, 0, 20, 2000, 300000),
	(7001, 'GLOVES', 'Onslaught Handguards', 2, 'inv_gauntlets_62', 100, 500, 150, 10, 150, 30000),
	(7201, 'GLOVES', 'Gronnstalker\'s Gloves', 4, 'inv_gauntlets_59', 100, 500, 150, 10, 150, 30000),
	(7301, 'GLOVES', 'Gloves of the Tempest', 8, 'inv_gauntlets_64', 100, 500, 150, 10, 150, 30000),
	(7501, 'GLOVES', 'Lightbringer Handguards', 32, 'inv_gauntlets_60', 100, 500, 150, 10, 150, 30000),
	(8001, 'BELT', 'Onslaught Waistguard', 2, 'inv_belt_33', 100, 500, 150, 10, 150, 30000),
	(8201, 'BELT', 'Gronnstalker\'s Belt', 4, 'inv_belt_14', 100, 500, 150, 10, 150, 30000),
	(8301, 'BELT', 'Belt of the Tempest', 8, 'inv_belt_07', 100, 500, 150, 10, 150, 30000),
	(8501, 'BELT', 'Girdle of Hope', 32, 'inv_belt_28', 100, 500, 150, 10, 150, 30000),
	(9001, 'LEGGINGS', 'Onslaught Legguards', 2, 'inv_pants_plate_27', 150, 1000, 300, 15, 300, 50000),
	(9201, 'LEGGINGS', 'Gronnstalker\'s Leggings', 4, 'inv_pants_mail_24', 150, 1000, 300, 15, 300, 50000),
	(9301, 'LEGGINGS', 'Leggings of the Tempest', 8, 'inv_pants_cloth_28', 150, 1000, 300, 15, 300, 50000),
	(9501, 'LEGGINGS', 'Lightbringer Legguards', 32, 'inv_pants_plate_26', 150, 1000, 300, 15, 300, 50000),
	(10001, 'BOOTS', 'Onslaught Boots', 2, 'inv_boots_plate_06', 100, 500, 150, 10, 150, 30000),
	(10201, 'BOOTS', 'Gronnstalker\'s Boots', 4, 'inv_boots_chain_08', 100, 500, 150, 10, 150, 30000),
	(10301, 'BOOTS', 'Boots of the Tempest', 8, 'inv_boots_cloth_16', 100, 500, 150, 10, 150, 30000),
	(10501, 'BOOTS', 'Pearl Inlaid Boots', 32, 'inv_boots_chain_08', 100, 500, 150, 10, 150, 30000),
	(13001, 'RING', 'Sin\'dorei Band of Triumph', 1023, 'inv_jewelry_ring_60', 30, 800, 0, 5, 500, 60000),
	(13002, 'RING', 'Band of Ruinous Delight', 1023, 'inv_jewelry_ring_36', 30, 800, 0, 5, 500, 60000),
	(14001, 'TRINKET', 'Madness of the Betrayer', 131, 'spell_shadow_charm', 40, 900, 100, 6, 800, 60000),
	(14002, 'TRINKET', 'Blackened Naaru Sliver', 131, 'inv_jewelry_talisman_16', 30, 800, 0, 5, 500, 60000),
	(15001, 'MAINHAND', 'Warglaive Of Azzinoth', 131, 'inv_weapon_glave_01', 150, 2000, 0, 20, 2000, 300000),
	(16001, 'OFFHAND', 'Warglaive Of Azzinoth', 131, 'inv_weapon_glave_01', 150, 2000, 0, 20, 2000, 300000),
	(17001, 'RANGED', 'Thori\'dal, the Stars\' Fury', 131, 'inv_weapon_bow_39', 300, 3000, 0, 20, 3500, 600000);
/*!40000 ALTER TABLE `stuff` ENABLE KEYS */;
/*!40101 SET SQL_MODE=IFNULL(@OLD_SQL_MODE, '') */;
/*!40014 SET FOREIGN_KEY_CHECKS=IF(@OLD_FOREIGN_KEY_CHECKS IS NULL, 1, @OLD_FOREIGN_KEY_CHECKS) */;
/*!40101 SET CHARACTER_SET_CLIENT=@OLD_CHARACTER_SET_CLIENT */;